{
  "benchmark": "pr88_stage4_provider_perf",
  "parameters": {
    "rounds": 60,
    "symbols_per_round": 40,
    "timeout_ms": 10.0,
    "baseline": "serial single-symbol fetch primary->fallback",
    "stage4": "MarketDataAdapter batch+cache+failover"
  },
  "baseline": {
    "rounds": 60,
    "quotes": 2400,
    "throughput_qps": 211.80180865041024,
    "latency_ms_p95": 190.62720444999852,
    "latency_ms_p99": 192.40634924999978,
    "failure_rate": 0.025,
    "timeout_rate": 0.0,
    "avg_latency_ms": 188.85579993333326
  },
  "stage4": {
    "rounds": 60,
    "quotes": 2400,
    "throughput_qps": 4551.587611491198,
    "latency_ms_p95": 8.890304799999083,
    "latency_ms_p99": 8.948634779999374,
    "failure_rate": 0.025,
    "timeout_rate": 0.0,
    "avg_latency_ms": 8.788142383333172
  },
  "improvements": {
    "throughput_gain": 20.489842983370494,
    "latency_p95_reduction": 0.9533628748024209,
    "latency_p99_reduction": 0.953490959030816,
    "failure_rate_reduction": 0.0,
    "timeout_rate_reduction": 0.0
  }
}
